ID,id_client,list_products
1,78,"[450, 641, 1463, 886, 592, 1541, 1630, 2367, 1658]"
2,88,"[100, 1108, 818, 2098, 2266, 964, 1565]"
3,31,"[2936, 2939, 1922]"
4,49,"[1584, 1474, 1141, 885, 1200, 2280, 2528, 667, 1649, 2051]"
5,10,"[1257, 2144, 873, 847, 148, 1138, 1909]"
6,10,"[2148, 2421, 1235]"
7,38,"[988, 854]"
8,27,"[651, 1786, 2663, 466, 1029, 2683, 2235, 622, 2159, 741]"
9,18,"[162, 824, 1531, 1545, 2062, 1116]"
10,46,"[2363, 2258, 556, 2102]"
11,35,"[988, 1500, 890, 169, 2890, 1269, 847, 2464, 1893, 1184]"
12,30,"[557, 22, 88, 1090, 2226, 2456, 2599, 2442]"
13,48,"[1513, 1030, 801, 458]"
14,44,"[2415, 1786]"
15,17,"[2561, 1752, 2804]"
16,90,"[2212, 1200, 2782, 363, 2512, 695, 812, 2692, 2742, 74]"
17,71,"[2970, 1949, 678, 978, 1631, 960, 133]"
18,100,"[1577, 2598, 578, 2585, 1576, 78, 634, 1056]"
19,5,"[1502, 2663, 1656, 665, 1828, 1115, 1145]"
20,29,"[484, 120, 1894, 1382, 275, 2022, 861, 1769, 2155, 277]"
21,61,"[1127, 1286, 435, 486, 328, 469, 2206]"
22,90,"[2004, 2834, 2296, 2210, 1622, 2621, 990]"
23,40,"[82, 2411, 1539, 2774, 1198, 159]"
24,79,"[213, 2291, 1655, 1821]"
25,97,"[1208, 1537]"
26,55,"[1833, 39, 391, 1106, 2243]"
27,43,"[784, 941, 2163, 2865, 2891, 513, 442, 2146, 1373]"
28,61,"[587, 56]"
29,50,"[1927, 939, 2661, 1280, 705]"
30,87,"[1401, 1161, 2697, 1514]"
31,33,"[490, 1248, 1157, 2594, 166, 1298, 958, 1493, 2730]"
32,98,"[1100, 1433, 2846, 985, 2644, 2909, 2046, 932]"
33,73,"[2384, 33, 2355]"
34,4,"[823, 900, 787, 1402, 370, 1139]"
35,54,"[2796, 121, 1088, 806, 1525, 544, 1502, 2905, 937, 2906]"
36,29,"[2064, 445, 2016]"
37,23,"[2282, 2310, 698]"
38,16,"[221, 1851, 2198, 2782, 1055, 2216]"
39,43,"[1923, 944, 919, 1550, 2149, 1527]"
40,18,"[1079, 2389, 2195, 2856, 1710, 633, 207, 2535, 2708, 2939]"
41,75,"[1364, 1361, 2045, 1704]"
42,45,"[699, 2075, 2449, 474, 248, 1216, 994, 2893]"
43,61,"[386, 1633, 1477, 2438, 717, 184, 2840]"
44,4,"[1772, 1082, 1242, 1172, 1196, 1744]"
45,3,"[861, 520, 1351, 2344]"
46,38,"[501, 1978]"
47,15,"[2127, 247, 2484, 2945, 1856, 2931, 2202, 512, 2538]"
48,13,"[345, 2381, 330, 553, 24, 432, 1438, 796, 2166, 1362]"
49,27,"[2053, 2417, 1303, 319]"
50,17,"[2817, 1386, 2651, 2240, 2799, 2327, 1122]"
51,1,"[1742, 2022, 1437, 2820, 2937, 1602, 759, 1127, 1401]"
52,80,"[2857, 513, 336, 256, 912, 2345]"
53,60,"[2775, 743, 2959, 2408, 642]"
54,8,"[437, 512, 1682, 2181, 223, 2119]"
55,3,"[2497, 1965, 1785, 2467]"
56,35,"[1640, 1767, 1498, 1084, 1654, 216, 956]"
57,75,"[318, 1195, 2498, 2743, 430, 1324, 745, 1346, 2924]"
58,33,"[1468, 1661, 541]"
59,35,"[2508, 2212, 617, 565]"
60,74,"[1321, 2439, 749, 2066]"
61,100,"[1191, 574, 2196, 1940, 168, 2143, 996]"
62,36,"[536, 2083, 1845, 2871, 1424, 729, 1155, 2870, 1864, 194]"
63,90,"[2687, 482, 1317]"
64,14,"[530, 2243, 1633, 1098, 389, 1753, 2544]"
65,88,"[1185, 1369, 1176, 2383, 2382, 1225, 288, 2507, 1154, 2496]"
66,7,"[2882, 603, 1656, 249, 1139, 2945]"
67,44,"[1809, 1328, 1679, 1607, 284, 882, 2840, 758, 574]"
68,49,"[1766, 510, 2220, 37, 1178, 2248, 2566, 1451]"
69,17,"[974, 540]"
70,39,"[2026, 435, 2553, 2972]"
71,18,"[2109, 2284, 194, 789, 1515, 1150]"
72,42,"[967, 1548, 1155, 2177]"
73,23,"[2892, 941, 1569]"
74,61,"[33, 2939, 2906, 815, 2335, 1456]"
75,28,"[1708, 1112, 2013, 677, 548]"
76,11,"[2299, 529]"
77,84,"[1755, 1395, 2530]"
78,46,"[16, 358]"
79,89,"[864, 2590, 397, 1059, 149, 2369, 2097, 2897, 2108]"
80,67,"[1144, 791, 124, 1091, 2498, 2709, 2689, 2741, 159, 1789]"
81,8,"[37, 2923, 1839, 2808, 892]"
82,33,"[2363, 2369, 884, 1329, 1447, 228]"
83,78,"[280, 1560, 472, 1821, 1310, 2377, 1148, 2965]"
84,22,"[850, 2894, 2862, 41, 171, 1278, 507, 561, 180, 884]"
85,39,"[820, 2601]"
86,90,"[1896, 1656, 1419, 92, 2874, 1315]"
87,63,"[405, 1741, 288, 698, 621, 162, 866, 287, 1155, 1283]"
88,46,"[1067, 2108, 2061, 2630, 2302, 423, 768]"
89,9,"[2066, 1149]"
90,2,"[1511, 2412, 2206]"
91,54,"[2162, 2753]"
92,26,"[920, 2681, 52, 2328]"
93,51,"[2243, 1737, 2429, 2543, 994, 2223, 2874, 1099, 2084, 1384]"
94,39,"[186, 2184, 2554, 604, 506, 1623, 185, 439, 1201]"
95,40,"[362, 965, 1110, 1067]"
96,73,"[2891, 1940, 1798]"
97,33,"[2443, 2749, 2192, 2172, 2591, 596, 622, 1358]"
98,22,"[648, 2605, 415, 2663, 1003, 1071, 461, 1681, 450, 2031]"
99,29,"[1137, 2624, 620, 1545, 1819, 1702]"
100,12,"[588, 2951, 1790, 2363, 2704, 1408, 2107, 2974, 2912]"
101,25,"[2480, 602, 636, 2067]"
102,58,"[1485, 1014, 29, 1730, 1436, 283]"
103,25,"[1865, 2915, 1670, 1273]"
104,67,"[2945, 627, 1007]"
105,80,"[278, 794]"
106,93,"[1125, 1073]"
107,11,"[2615, 126, 527, 2902]"
108,26,"[1227, 1510, 2607, 1979, 2205, 2383, 2491, 574, 685, 143]"
109,12,"[2688, 2376, 193, 2563, 2266, 859, 1522, 1616, 1744]"
110,27,"[2106, 242, 2579]"
111,81,"[985, 975, 2278, 1015, 1350, 831, 1984]"
112,26,"[2602, 452, 1090, 770]"
113,27,"[976, 2554, 2863, 2750, 2731, 2006, 1103, 1771, 1185]"
114,61,"[2462, 2790, 2517, 983, 1847]"
115,66,"[2747, 2470, 1959, 2544, 72, 1608, 953]"
116,95,"[1736, 55, 1610, 2613, 1297, 1601, 2289, 402]"
117,15,"[2453, 2816, 912, 2141, 1001]"
118,34,"[1576, 2768, 99, 448, 2952, 1891, 1683, 1598, 1860, 922]"
119,45,"[47, 530, 1103, 190, 1382, 2265, 1589, 867]"
120,7,"[2781, 1930, 692, 321, 1664, 791, 48, 1456, 1529]"
121,85,"[834, 581, 167, 2949, 41, 2259]"
122,85,"[1302, 1703, 2485, 2592, 2528, 591, 1252]"
123,71,"[2312, 1981, 152, 2098, 2501, 484, 2673, 720, 2156]"
124,26,"[2227, 97]"
125,29,"[2044, 2813, 2084, 2319, 21, 2004, 2152, 355, 1063]"
126,65,"[2838, 1739, 683, 1146, 241]"
127,27,"[2770, 2132, 2314]"
128,73,"[2998, 1768, 1676, 2680, 1154]"
129,62,"[2022, 134, 921, 1651, 1725, 1554, 2823, 1745]"
130,10,"[535, 1939, 2112, 449, 2911, 1413, 1507, 1515, 2899]"
131,91,"[1544, 2542]"
132,52,"[1570, 1951, 60, 829, 2285, 1767]"
133,23,"[2169, 2312, 2426, 2169, 1574]"
134,85,"[1756, 1788, 2937, 1853]"
135,85,"[910, 1580, 286, 2726, 1195, 1317, 1021, 1665, 984, 850]"
136,34,"[2936, 80, 361, 987, 1008, 5, 1966, 2881, 430, 1116]"
137,31,"[2471, 1178, 493, 1000, 1474, 195]"
138,75,"[2575, 4]"
139,73,"[1725, 1222, 2898, 2474, 2052, 2918, 2819, 381, 964, 2983]"
140,3,"[2460, 1243, 1829, 159, 1975]"
141,35,"[1786, 257, 682, 2498, 1772, 367, 2927, 524]"
142,60,"[2824, 2017, 748, 2982]"
143,65,"[897, 1992, 1676, 546, 2630, 255, 2170, 2619]"
144,68,"[246, 1735, 744, 2905, 972, 1975, 2037, 137, 341]"
145,64,"[1914, 2189, 206]"
146,30,"[2231, 430, 1430]"
147,55,"[2350, 328, 597, 2017]"
148,31,"[91, 2576, 1187, 1440, 1344]"
149,12,"[1341, 2192, 1146, 1995, 189, 1831]"
150,71,"[2966, 1847, 2308, 2726, 1988, 2750, 1414]"
151,75,"[2649, 1482, 2998, 1750]"
152,56,"[2037, 1868, 2647, 2164]"
153,73,"[2242, 1714, 616, 467, 1225, 990, 40, 2671]"
154,1,"[2345, 962, 625, 1172, 2633, 1582, 344, 666, 1320]"
155,17,"[474, 1530, 2102, 1466, 568, 2550, 1765, 256, 277]"
156,33,"[1881, 1989]"
157,33,"[2800, 1622, 2979, 2358, 2562, 1273]"
158,86,"[2798, 1916, 2354]"
159,60,"[728, 2139, 2793, 384]"
160,4,"[526, 521, 402, 1430, 2755, 622, 594, 507, 1621, 558]"
161,79,"[16, 1436, 170, 379, 848, 2290]"
162,90,"[1674, 2844, 2801, 524]"
163,74,"[2418, 2515, 139, 897, 2629, 1289, 2037]"
164,38,"[1277, 2470, 1795, 2680, 2620, 737, 1203, 944, 2962]"
165,33,"[2059, 1727, 1831]"
166,58,"[2033, 634, 2613, 2344, 2732, 1267, 589, 957, 811, 408]"
167,16,"[1591, 1207, 1782, 2823]"
168,86,"[1567, 414, 2118, 2066, 2148, 62, 2456, 210, 1185]"
169,50,"[2775, 282]"
170,10,"[2257, 2198, 1597, 573, 2860, 1112, 1840]"
171,67,"[1418, 1314, 376, 2427, 1371, 2456, 1581]"
172,47,"[1825, 2254]"
173,1,"[1458, 2994, 362, 1767, 665, 338, 207, 2914, 1034, 370]"
174,52,"[35, 631, 768]"
175,73,"[1737, 626, 2011, 2275]"
176,36,"[2990, 252, 182]"
177,61,"[1207, 1916]"
178,2,"[1840, 1992, 2969, 1829, 1393]"
179,29,"[1060, 2680, 1593, 2244, 645, 1069, 2519]"
180,94,"[1140, 792, 653, 563, 637, 988, 2104, 1137, 2699, 2810]"
181,50,"[2811, 566, 2269]"
182,8,"[209, 2232, 1495, 2655, 559]"
183,29,"[970, 1048]"
184,39,"[777, 474, 2059, 834, 2979, 2213, 2194, 2937, 2015, 1336]"
185,22,"[189, 1667, 470, 2326, 1806, 1932]"
186,37,"[418, 198, 1162, 685, 125, 2446]"
187,24,"[2026, 1375, 1849]"
188,25,"[630, 621]"
189,15,"[1398, 1863, 1088, 566, 2625, 1564]"
190,97,"[1668, 2844, 1307, 2798, 501, 11, 2561]"
191,95,"[172, 395, 552, 2289, 1344, 1782]"
192,94,"[2691, 701, 325, 211, 1922, 2470]"
193,24,"[1839, 649, 2932, 2149, 1516, 489, 2953, 1960, 2095]"
194,29,"[2725, 1892, 2106, 1340, 2881, 2163]"
195,12,"[2510, 2945, 343, 1881, 1154, 2229]"
196,66,"[1287, 2252, 1026, 513, 1157, 2121, 1249]"
197,74,"[31, 804, 512, 1275, 2910, 2482, 1292, 19]"
198,1,"[1909, 1028]"
199,86,"[2728, 1306, 889, 43, 889, 860, 2644]"
200,29,"[1122, 1814, 900, 1403]"
201,59,"[2957, 503, 1686, 1465, 1464, 774, 2658, 2732, 1389, 690]"
202,63,"[2742, 1160, 1759, 2299, 869, 2879, 2423, 2715]"
203,12,"[1901, 1499]"
204,5,"[401, 2825, 2889, 288, 2281, 2357]"
205,55,"[2946, 858, 625, 2192]"
206,46,"[789, 2977]"
207,72,"[2427, 772, 1758, 2967, 2037, 7, 1669, 2078, 60]"
208,97,"[2184, 965, 1282, 1930, 1413, 64, 377, 670, 1771]"
209,5,"[1628, 257, 2533, 1639, 1175, 1075, 689, 1403]"
210,8,"[509, 2309, 2572, 722]"
211,80,"[1133, 766, 244, 1971, 1298, 232, 1470, 2627, 698]"
212,72,"[538, 1591, 1695, 771, 1241, 122, 2575, 2529]"
213,17,"[2407, 242, 643]"
214,36,"[613, 986, 2355, 91, 1245, 1663, 267]"
215,29,"[1881, 2482, 2065, 2544, 2603, 654, 11]"
216,37,"[1033, 2110, 1706, 2076, 2641, 2168, 2586]"
217,33,"[1709, 912, 2917, 834, 2711, 1366, 1488, 937, 2613, 2283]"
218,1,"[2713, 1040, 331, 2216, 1372, 1322, 346, 466]"
219,65,"[955, 2856, 2675, 1647, 2166]"
220,32,"[2256, 965, 1905, 1922, 2902, 1113, 1768, 1873, 933]"
221,39,"[2725, 2823, 2477, 1305, 940, 1014, 1475, 1310]"
222,65,"[117, 725, 2787, 2919, 1210, 2593, 1594]"
223,21,"[1376, 1956, 2089, 332]"
224,38,"[847, 874, 2806, 98, 2812, 929, 2498, 2461, 1795]"
225,92,"[1887, 2706, 2181, 1150, 775, 1480, 857]"
226,93,"[2747, 1068, 1550, 319]"
227,45,"[2667, 527, 669, 2816, 2320]"
228,100,"[787, 2249, 2525, 113, 1074, 1643, 1185, 2508]"
229,59,"[732, 2395, 1500, 962, 535]"
230,18,"[2080, 2168, 778, 2702, 2600]"
231,93,"[1926, 2438, 1905, 1528]"
232,24,"[120, 2385, 2980]"
233,42,"[1096, 236, 2731, 658, 1068, 540, 2033]"
234,3,"[160, 793, 2220, 1447, 803, 917, 965, 127]"
235,46,"[2694, 2823, 604, 2552]"
236,99,"[43, 1720, 2085, 1274]"
237,9,"[1072, 1148, 414, 1165, 1356, 1039, 742, 157, 2769]"
238,60,"[315, 1165]"
239,50,"[2122, 479, 2824, 160, 819, 1874, 1827, 1840, 1495, 198]"
240,34,"[2468, 989, 2920, 2133, 438, 2270, 81, 615, 140, 2512]"
241,19,"[2188, 311]"
242,64,"[489, 1712, 1846, 849]"
243,30,"[2750, 772, 1868, 1863]"
244,73,"[312, 1959, 440, 969, 2060, 1447, 715]"
245,57,"[127, 1074, 2490, 1578, 482, 1943, 299]"
246,56,"[1480, 1176, 424, 1910, 1076, 2758, 702, 1160, 1843]"
247,44,"[1405, 1384, 2321, 628, 2886, 2716, 1849, 510, 1184]"
248,19,"[2404, 2211, 2707, 2916, 1421]"
249,71,"[14, 1357, 2644, 2396]"
250,73,"[1258, 2841, 689, 2882]"
251,11,"[2852, 1753, 2081, 574, 1869]"
252,48,"[155, 2827, 625, 2057, 2346, 1828, 1769, 2386, 2561, 108]"
253,2,"[1643, 2453, 2713, 1132]"
254,4,"[147, 142, 491, 2314, 2579, 413]"
255,39,"[1831, 1752, 2870, 967, 2387]"
256,26,"[799, 1246, 1337, 745, 1600, 1979, 2542, 1499]"
257,45,"[1289, 2780, 364, 1544, 2778]"
258,100,"[1815, 1720, 1160]"
259,54,"[120, 1664, 81, 755, 430, 239, 1793, 2534, 303]"
260,40,"[1293, 329, 747, 510, 186, 697, 1214, 2212, 1822]"
261,9,"[965, 1229, 660, 1150, 167]"
262,89,"[1184, 1136, 2141, 159, 1556, 324, 1749]"
263,100,"[185, 1025]"
264,53,"[1729, 674, 2757, 1861, 2863, 2903, 1844, 300, 1973]"
265,87,"[101, 1442, 2583, 474, 627, 1531]"
266,97,"[1327, 2240, 1148, 1692]"
267,98,"[2648, 566, 2460, 2412, 2973, 2606, 2219, 1902, 2656]"
268,59,"[1592, 925, 2147, 1257, 2394, 125, 657, 2857, 2511, 2281]"
269,48,"[1778, 1792, 510, 2648, 1632, 2041]"
270,66,"[394, 119, 1543, 2418]"
271,96,"[1337, 338, 1886, 2530]"
272,68,"[2071, 1982, 1857]"
273,75,"[1469, 2594, 1705, 1486, 897]"
274,98,"[168, 972, 203, 1369]"
275,74,"[1414, 371, 2803, 1217, 2323, 1566, 1737, 1767, 633]"
276,89,"[1869, 2057, 1037, 803, 1801, 627, 1191, 981, 2138, 2603]"
277,90,"[2375, 376, 1154, 310, 2076, 2334, 2093]"
278,82,"[994, 2876, 286, 1183, 2314, 1215]"
279,74,"[2043, 1120, 2978, 197]"
280,97,"[797, 2211, 2096, 2592, 1983, 1892]"
281,62,"[640, 396, 1207, 1634, 378, 2189]"
282,89,"[1903, 1252, 551, 1196, 1410, 678, 1889, 1789, 1377]"
283,68,"[2179, 1345, 966, 1792, 171, 2910, 1810, 99, 1515, 2343]"
284,41,"[1275, 1250, 2237, 2804, 2108, 1161, 1736, 2953, 201, 1892]"
285,98,"[2582, 849, 1350, 1264, 1455, 1307]"
286,44,"[1988, 2371]"
287,9,"[1818, 167, 1645, 923, 1984]"
288,68,"[556, 2725, 548, 590, 2616, 2702, 622, 905, 1397]"
289,55,"[2935, 1490]"
290,61,"[1041, 2730, 1908]"
291,77,"[1088, 1177]"
292,47,"[270, 1238, 1451, 34, 2898, 183, 1266, 2590]"
293,74,"[562, 2833, 878, 22, 2092, 2388, 190, 1207, 168]"
294,45,"[2031, 1131, 173, 738, 710, 1524, 346, 2769, 2538, 2830]"
295,20,"[1957, 3, 2688, 1221]"
296,79,"[614, 209, 1906, 1096, 1575, 2974, 1122, 2866, 1633]"
297,22,"[2343, 939, 537, 1214, 1481, 1659, 1718, 2328]"
298,20,"[2261, 2334, 172, 2734, 1856, 172, 769]"
299,14,"[128, 430]"
300,28,"[2682, 2954, 1006, 1169, 609]"
301,95,"[402, 2968, 41, 71, 546, 897, 607, 1662, 829]"
302,96,"[2750, 642]"
303,1,"[217, 950, 2221, 104, 1162, 861, 1829, 2681, 8, 1854]"
304,75,"[2982, 949, 631, 218, 1370]"
305,7,"[2533, 731, 1177, 343, 605, 2695, 2768, 2901, 1845]"
306,14,"[747, 963, 2480, 772]"
307,87,"[590, 1896, 1446, 1295]"
308,24,"[2154, 91, 576, 1461, 2219, 443, 1266, 2982]"
309,97,"[1490, 2147, 1333, 2916, 702, 1824, 279, 2876]"
310,13,"[195, 460, 2063, 210, 914, 1797, 266]"
311,51,"[2781, 885]"
312,50,"[2898, 221, 754, 2341, 571, 1173]"
313,49,"[262, 793, 1067, 2660, 815, 2894, 1133, 2958, 1490, 885]"
314,25,"[1877, 273, 30, 85, 2085, 1266, 331, 914]"
315,35,"[2768, 1774, 782, 1590]"
316,73,"[1631, 1223]"
317,22,"[567, 106, 2243]"
318,23,"[1838, 2269, 1180, 2533, 553]"
319,95,"[492, 1078, 2266, 2380, 2380, 485, 1594]"
320,29,"[754, 2953, 2229, 2662, 1912, 2427, 395, 1402, 563]"
321,73,"[1399, 1418]"
322,96,"[1270, 192, 360, 1054]"
323,39,"[2318, 1291, 169]"
324,99,"[2228, 1305, 1787, 1811]"
325,51,"[1307, 1058, 1482, 2117]"
326,38,"[2511, 133, 2260, 694]"
327,3,"[700, 924]"
328,54,"[521, 556, 2412, 1180, 596, 1044, 1548, 782]"
329,74,"[664, 2196, 836, 2999, 1231, 1477, 258, 2291]"
330,51,"[2227, 1702, 1139, 443]"
331,46,"[1777, 359, 2636, 1724, 1525, 1185, 131]"
332,53,"[1038, 2774, 1576, 320, 2856, 1974, 99]"
333,52,"[376, 475, 682, 79, 345, 1951, 1076]"
334,90,"[1538, 1084, 1617, 680, 1038, 570, 1688, 1910, 612]"
335,97,"[2160, 795, 2159, 2645, 1432, 1768]"
336,85,"[853, 1297, 988, 105, 1234, 1342]"
337,48,"[430, 2122, 2504, 1930]"
338,70,"[1793, 2252]"
339,85,"[1001, 1777, 2039, 1130, 1425]"
340,53,"[1113, 168, 2396]"
341,81,"[87, 1920, 349, 383, 53]"
342,71,"[74, 2047, 1538, 449, 2032, 2472, 1284, 75]"
343,59,"[1881, 553, 1519]"
344,96,"[2330, 144]"
345,16,"[2965, 750, 2771, 2975, 2318, 2252, 255, 1591, 947]"
346,11,"[2670, 1886]"
347,95,"[1085, 26, 2637, 2443, 730, 2464, 1348]"
348,63,"[1312, 590, 610, 679, 724, 62, 2550, 1707, 2606, 1643]"
349,60,"[2754, 65, 442, 2251, 958, 1104, 1232, 2995, 2220, 1146]"
350,16,"[864, 618, 2722, 884, 2162, 1225, 246]"
351,54,"[741, 1870, 2050, 2485, 547, 2957, 2919, 1618, 482]"
352,77,"[1818, 2346, 238, 160, 319, 2547]"
353,56,"[2605, 978, 2132, 2811, 1532, 2363, 107, 838]"
354,50,"[2294, 2955, 1944, 2242, 1119]"
355,31,"[2392, 1145, 267, 2279, 1474]"
356,88,"[2888, 2408, 608]"
357,67,"[26, 539, 2832, 347, 307, 696, 2077, 17, 677]"
358,19,"[233, 664, 2056, 2413, 1120, 961]"
359,38,"[1533, 116]"
360,60,"[81, 1729, 266, 101, 1818, 825, 1145, 654, 2244, 2529]"
361,92,"[1814, 386, 1189, 1155, 302, 804, 2665, 2725, 1129, 2022]"
362,21,"[2713, 992, 336, 1784, 192]"
363,83,"[570, 1954, 22, 254, 287, 683, 1346, 1418]"
364,26,"[779, 282, 2908, 959, 2181, 1627, 1588, 932, 808]"
365,82,"[2701, 949, 220, 910, 1726, 2571, 2603, 1993, 1400, 299]"
366,68,"[225, 2516, 800, 332, 2956, 523]"
367,34,"[1836, 2083, 2980, 2771, 950, 2749, 2735, 1863, 1516]"
368,63,"[1082, 559, 1815, 151, 622, 73]"
369,73,"[1224, 2170, 842, 1409, 376, 233, 1805, 1900]"
370,81,"[511, 661]"
371,5,"[2960, 998, 2780, 1785, 536, 2581, 692]"
372,15,"[732, 1009, 1381, 2197, 2994]"
373,44,"[415, 163, 1776, 2859, 1016, 511, 1890]"
374,39,"[1515, 1615, 620, 2228, 119, 2118, 210, 1027, 1685]"
375,50,"[113, 1259, 2685, 75, 1800, 749, 132, 168, 2212, 856]"
376,13,"[1614, 801, 12, 2741, 214]"
377,19,"[175, 2779, 1554, 677, 435, 328, 150, 1954]"
378,11,"[2449, 2096, 1495, 2231, 324, 831, 2820, 616, 2199]"
379,14,"[1898, 2269, 2605]"
380,8,"[363, 2599, 1679, 1974, 718, 1015, 2846, 1079]"
381,5,"[1885, 714]"
382,39,"[1961, 2929, 2438, 1097, 1170, 1496]"
383,78,"[975, 510, 412, 2145]"
384,7,"[1537, 1309, 1429, 2305, 2689]"
385,44,"[1361, 1431, 817]"
386,66,"[933, 2587, 2319, 313, 1302, 1503, 2733, 1632]"
387,85,"[1472, 1514, 2266, 1255, 1485]"
388,19,"[507, 2557, 1305, 2516, 1651]"
389,42,"[1676, 653, 2026, 1767, 2949]"
390,48,"[1302, 1344, 1535, 1224, 534]"
391,59,"[63, 1051, 2539, 410]"
392,86,"[2948, 2224]"
393,14,"[795, 263, 2854, 2143, 2969, 2753, 2707, 2552, 1730, 1489]"
394,15,"[841, 1462, 2342, 875, 903, 2668]"
395,43,"[653, 2975, 2272, 61, 2800, 1833]"
396,27,"[1614, 1557, 2259, 2653, 1835, 1213, 2730, 2168, 2482]"
397,55,"[2199, 156, 2460, 2721, 1175, 2880, 2439]"
398,65,"[2644, 1538, 2929, 367, 14, 886, 196, 2423]"
399,74,"[127, 2896, 39, 1382, 456, 1586, 1026, 2997]"
400,55,"[1538, 738, 267, 889, 2478, 1654, 2756]"
401,21,"[715, 1698, 636, 409, 2792, 1504, 1831]"
402,45,"[1160, 2324]"
403,3,"[643, 693, 650, 2934, 67, 2373, 1942, 921, 919]"
404,97,"[933, 1860]"
405,5,"[2074, 2476, 2445]"
406,50,"[2896, 2682, 236, 1577, 2571, 478, 216, 737, 498]"
407,95,"[2582, 1486, 713, 2599, 1253, 568, 2366]"
408,94,"[418, 490, 226, 1532, 1472]"
409,79,"[191, 821]"
410,72,"[1750, 1184, 1874]"
411,89,"[1739, 751, 1062, 2858, 1470, 2853, 204, 894, 1889, 944]"
412,88,"[267, 2415, 84]"
413,3,"[2904, 1792, 2370, 1245, 1462, 887, 125, 2543, 150, 2801]"
414,17,"[2611, 722, 1874, 581, 1360, 1907]"
415,18,"[1189, 1969, 1702, 2551, 1736, 2034]"
416,78,"[975, 396, 2638, 1550, 1789, 1703, 535, 1870, 1991, 563]"
417,81,"[550, 2120, 1952, 1118, 2078, 361, 2070, 2012, 847]"
418,24,"[913, 1775, 2158, 571, 1973, 2885, 1166, 545]"
419,70,"[1059, 2638, 2372, 536, 2724, 1117]"
420,63,"[821, 481, 1567, 1461, 2006, 1475, 2471]"
421,2,"[2344, 1860, 1506, 1961, 2480, 2730]"
422,40,"[2429, 310, 1537, 40, 874, 1410, 1217]"
423,60,"[2732, 793, 1005, 896, 2653]"
424,78,"[1358, 5, 325, 2865]"
425,48,"[108, 2091, 118, 1415, 1575, 934, 2112, 2679]"
426,10,"[1881, 595, 2184, 1199, 1719]"
427,73,"[1500, 1515, 446, 2524, 2913, 1944, 580]"
428,49,"[1574, 1281, 2473, 2767, 1621, 777, 1177, 2354]"
429,40,"[140, 1565, 1655, 1220, 647, 944, 2002, 1305]"
430,11,"[1827, 2013, 126, 822, 422, 1082, 2592]"
431,22,"[238, 1889, 2221]"
432,74,"[1497, 975]"
433,29,"[714, 1488, 1008, 2542]"
434,82,"[717, 1155, 1078, 2893, 1977]"
435,1,"[1218, 2780, 2460, 1439, 2913, 1333, 1032, 2068, 2022, 1325]"
436,38,"[1844, 2729, 2645, 2939, 2937, 441]"
437,27,"[1298, 1177, 2019, 2465, 166, 286, 2839, 1742, 910, 961]"
438,73,"[957, 741, 2012, 313, 912, 2917]"
439,63,"[2277, 206]"
440,82,"[2421, 2152, 2606, 620, 1265]"
441,68,"[2222, 1948, 855, 1329, 31, 2413, 112, 357, 693, 2281]"
442,68,"[2091, 124, 1737, 109, 2084, 1823, 965, 2208, 1265, 189]"
443,51,"[650, 2341, 482, 2569, 1519, 1356, 677, 1676, 300, 946]"
444,49,"[2065, 1461, 1291, 1911, 962, 1461, 688, 1420, 721, 1845]"
445,21,"[1215, 2026, 1827, 22, 776, 972, 2500, 2705]"
446,11,"[993, 2105, 2801, 1271]"
447,48,"[1479, 815]"
448,54,"[524, 1503, 1072, 667, 293, 2329, 1518, 819]"
449,71,"[2181, 1429, 717, 815, 986, 2043, 1160, 2437, 2882]"
450,50,"[2575, 1766, 1538, 2068, 1799, 602, 511, 2356, 2527, 2126]"
451,27,"[2242, 181, 952, 623]"
452,88,"[2025, 1665, 594]"
453,67,"[1536, 435, 381, 534, 410, 2511, 242, 569, 525, 601]"
454,72,"[254, 677, 1253, 2457, 1027, 2585, 1473, 9, 1223]"
455,63,"[157, 1137]"
456,86,"[704, 883]"
457,30,"[2227, 127, 2184, 2779, 2364]"
458,9,"[420, 1375, 67, 1199, 1061, 1237]"
459,71,"[1145, 208, 267]"
460,22,"[2070, 2205, 1509, 2076, 687, 2303, 277]"
461,88,"[1119, 2081, 1937, 2453, 2013, 54, 370]"
462,83,"[1874, 148, 345, 2669, 143, 2927]"
463,64,"[2543, 740, 1181, 625, 652, 25]"
464,84,"[2354, 1568, 106, 43, 171]"
465,57,"[2084, 1888, 1888, 1324]"
466,27,"[1154, 1115, 1223, 2880, 2027, 1646, 2362, 2586, 414]"
467,98,"[1685, 208, 1357, 1289, 2040, 911, 660]"
468,90,"[1934, 1717, 2269, 826, 2807, 1226, 590, 1666, 2037, 650]"
469,67,"[658, 292, 2605, 2778, 2838, 632, 2266]"
470,11,"[425, 2226, 1220, 2334, 2972, 2690, 1983, 758, 1708]"
471,46,"[1204, 426, 1256, 1090]"
472,73,"[910, 564, 1764, 167, 1187, 902, 1595, 1245, 2159]"
473,95,"[2009, 2395, 1055, 1849, 2984, 900]"
474,59,"[1268, 1518, 2933]"
475,16,"[2975, 733, 1668, 809, 2678, 1962, 1585, 2483, 1762, 1303]"
476,93,"[2823, 2797, 1144, 1362, 1809]"
477,25,"[472, 2758, 367, 1510, 2736, 815, 341, 1035, 133]"
478,69,"[1360, 1217, 838, 2476, 591, 1117, 698, 2433]"
479,63,"[158, 107]"
480,30,"[2553, 1537]"
481,83,"[1070, 1397, 2893, 1579, 78, 2190, 39, 38, 1159, 2082]"
482,96,"[2120, 818, 508, 1979, 1862]"
483,66,"[2511, 139, 1536, 1146, 1621, 335, 2730, 2111, 1690]"
484,81,"[498, 2166, 1385, 2016, 2898, 1708, 568, 1542]"
485,45,"[2206, 1133, 593, 1171, 1899]"
486,28,"[1302, 1945, 2985, 2886, 1425, 423, 1462, 1067]"
487,86,"[1982, 1257, 939]"
488,78,"[264, 6, 858]"
489,98,"[2565, 1051, 1933, 1219, 1053, 1534, 940]"
490,74,"[1263, 2859, 2489, 155]"
491,65,"[2179, 2436, 2065, 2153, 1249, 167, 2000, 2519, 2481, 1437]"
492,46,"[1647, 1792, 799, 116, 422, 2061, 189, 2268]"
493,31,"[1800, 11, 1404, 2519, 1843]"
494,57,"[2240, 2708]"
495,28,"[1983, 538, 1835, 1662, 1047, 912, 603, 1761, 2173]"
496,54,"[1216, 971, 2387]"
497,84,"[2056, 581]"
498,93,"[843, 1183, 124, 1008, 823]"
499,83,"[2792, 9, 2959, 754, 1127, 2441, 1285, 2487]"
500,47,"[2752, 757, 2510, 763, 1702, 2538, 328]"
501,222,"[2914,2251,2148,193,1108,1887,1675,1035,757]"
502,179,"[1035,1586,2120]"
503,57,"[1121,2961,903,2120,205]"
504,272,"[1124,395,1675,176]"
505,261,"[1139,1930,1893,2669,1320,1994]"
506,32,"[1108,1058,403,176]"
507,134,"[1994,2163,746]"
508,2,"[1580,2311,1091,2120,1124,37]"
509,136,"[1031,1757,2148]"
510,33,"[176,1256,2163,903,1121,1580]"
511,128,"[58,1031]"
512,274,"[1108,1917]"
513,70,"[776,2710,1035,1091,246,292,978,746,1887]"
514,187,"[2801,1031,58,1757,1320,2163,2251,1320,37,1320]"
515,61,"[2504,2353,1031,1058]"
516,232,"[768,1139]"
517,273,"[2914,1035]"
518,113,"[1256,2440,2489,746,1675]"
519,8,"[133,2336,1586,541,541,1409,205,1320,2148]"
520,146,"[2440,1917,246,1256]"
521,47,"[849,1887,1586,1580,1031,403,2163]"
522,228,"[1974,37]"
523,60,"[2148,2865,1994,1139,1409,2336]"
524,162,"[1291,1499,942,213,449,610,2900,720,661]"
525,85,"[1081,677,151,2306,752,2017,2846]"
526,60,"[126,560,2937,112,1041,166]"
527,250,"[674,658,1486,870]"
528,1,"[701,1770,642,1068,789,2905,610]"
529,286,"[225,2240,2461,1428,151,477,2691,1466,1177,1383]"
530,7,"[1078,349,521,218,2590,618,412]"
531,159,"[886,2766,1042]"
532,199,"[283,1527,1463,658,1571,2368,349,925,113]"
533,262,"[1030,707,642]"
534,133,"[225,2240,2461,1428,151,477,2691,1466,1177,1383]"
535,291,"[2691,530,1800,166,2337,727,839]"
536,179,"[949,1428,1291,2715,1529,2649,218,2505,586]"
537,250,"[2279,2944,2133,216,213,429,276,862,737]"
538,292,"[942,1159,766,119,2686,677]"
539,139,"[2708,1041,2043,261,1345,2937,389,388,2133,1695]"
540,280,"[2691,530,1800,166,2337,727,839]"
541,10,"[2209,225,396,2133,2570,753,270]"
542,237,"[1872,151,2417,2691,2017,1042,870,521]"
543,197,"[708,324,870]"
544,289,"[2613,2043,56,2781,808,477,745]"
545,237,"[235,1428,914,2590,1130,2306]"
546,280,"[2209,225,396,2133,2570,753,270]"
547,27,"[1572,2937,1659,943,2766,839]"
548,105,"[2133,1507,1158,1507,925,537]"
549,277,"[1659,943]"
550,227,"[235,61,2645]"
551,291,"[516,1266,1920,674,2691,2647]"
552,17,"[1572,2937,1659,943,2766,839]"
553,245,"[839,644,276,1418,412,2185,449,2901,871]"
554,166,"[2417,2945,237,2473,1437,2937,1486,516,216]"
555,123,"[1089,151,2398,2729,1770,1848,1345,429]"
556,48,"[1030,707,642]"
557,249,"[2185,2729]"
558,241,"[839,644,276,1418,412,2185,449,2901,871]"
559,96,"[1987,237]"
560,187,"[266,2568,2521,1527,2562,1011,2750]"
561,69,"[749,1266,2456,766,2945,537,2590,112,1576,636]"
562,179,"[2708,276,1068,1987,1249]"
563,64,"[1848,235]"
564,250,"[1987,237]"
565,140,"[323,1429,2196,1529,2909,1463]"
566,58,"[2583,498,1179]"
567,216,"[1779,83,1019,1848,1769,183,1238,304]"
568,32,"[2069,2937,2240,1090,61,1872,560,1169,2944,2781]"
569,113,"[2473,1576,1574,344,161,349,2368,2043,304]"
570,3,"[323,1429,2196,1529,2909,1463]"
571,25,"[2316,1920,2568,906]"
572,94,"[1499,658,2069,942,2368,521,940]"
573,285,"[1895,456,1717,1486,432,2781,394,456]"
574,93,"[956,1848,1421,989,2952,2069]"
575,97,"[2248,737,503,740,108,943,1266,1527,1383,2325]"
576,217,"[2316,1920,2568,906]"
577,159,"[2613,2461,521,677,1576,905,747,2595,942]"
578,12,"[1428,1849,126,560,1418,2568,803,344,1987,88]"
579,213,"[2937,218,942,2562,83]"
580,71,"[388,2244,2332,449,324,1800,2279,1078,2448]"
581,96,"[1081,2420,2186,2595,2766,56]"
582,103,"[2613,2461,521,677,1576,905,747,2595,942]"
583,74,"[280,2796,126,1140,1429,151,1358,1695,707]"
584,22,"[940,1467,1346,901,456,1140,1089,209]"
585,213,"[1759,2461,521,708,1437,1529,1158,2461,276]"
586,116,"[429,1507,2136,1956]"
587,157,"[2909,1601,276,2807]"
588,18,"[280,2796,126,1140,1429,151,1358,1695,707]"
589,184,"[898,956,766,1090,1800,1559,2456,83,412]"
590,21,"[283,141,184,56,2796,2649]"
591,59,"[2665,2796,119,1175,1245,677,2017,1507,1,1695]"
592,37,"[216,137,1987,642,1030,218]"
593,43,"[2708,276,1068,1987,1249]"
594,244,"[898,956,766,1090,1800,1559,2456,83,412]"
595,48,"[1090,530,943,2901,1466,2568,2306,503,166]"
596,22,"[1009,2944,56,432,832,889,1249]"
597,5,"[503,2279,2240,2320,530,394,1770,803]"
598,217,"[707,280,1421,871,2069,1848,1009,730]"
599,21,"[66,27,1421]"
600,77,"[730,218,1345,2665,396,218,151,161,2332]"
601,166,"[1,1428]"
602,172,"[1697,642,2645]"
603,32,"[1759,901,2043]"
604,156,"[2945,663,2461,184,88,2337,1159,1429,826,1587]"
605,267,"[1467,2149,119,2337,2248,1252,2944]"
606,237,"[1090,530,943,2901,1466,2568,2306,503,166]"
607,80,"[183,2846,2645,113,1429]"
608,281,"[516,1572,2729,1572,477,218,1179,299]"
609,192,"[456,871,730,1295,1090,1770,603,1177,1019,917]"
610,11,"[1872,432,2521,956,218]"
611,255,"[1717,1985,454,2230]"
612,43,"[1,1428]"
613,174,"[2417,1659,2461,1019,1358]"
614,251,"[800,521,2781,412,78]"
615,239,"[112,677,2332,1862,266,701,870,1019,1802]"
616,141,"[498,516,1019,839,1030,1499,203,701,1019,1466]"
617,187,"[2069,2937,2240,1090,61,1872,560,1169,2944,2781]"
618,211,"[183,2846,2645,113,1429]"
619,94,"[1872,677,161,2242,886,1175,2240]"
620,261,"[283,1175,1421]"
621,227,"[658,477,914,1177,2900,1175,1460,2750,151,898]"
622,118,"[1443,530,1345,78]"
623,82,"[2521,661,808,663,1068,1800]"
624,237,"[657,2917,823,1516,843,422,1843,1951,843]"
625,5,"[2193,895,711,1449,2411,2201,391,656]"
626,93,"[19,843,656,1831,1327,1208,1449]"
627,195,"[1449,2193,2850,1451]"
628,292,"[1516,1511,2411,155,422,1630,494,2917,19]"
629,260,"[495,2318,495,627,2852,2129,1073]"
630,282,"[2484,1152,2660,495,2919,754]"
631,34,"[1350,2162,2276,1691,656,791,592,2291,366]"
632,77,"[2852,1752,807,70,200,1843,1054,2153,2072,19]"
633,101,"[1389,2917,591,2318,111,1054,2411,1691,2660,1843]"
634,244,"[155,1465,1350,111,895,2072,2193,2193]"
635,291,"[155,2153,1964,2484,19,2193]"
636,157,"[656,169,1843,19,495,489,1898,200,1691]"
637,139,"[2660,2447]"
638,99,"[2213,2318,2660,379,2201,672,2303,731,233]"
639,54,"[495,686,1964,2852]"
640,284,"[1898,2447,1879,2162,791,422,591,163]"
641,191,"[2281,2919,422,111,672,366,1389,843]"
642,124,"[656,2377]"
643,6,"[1569,111,895,2345]"
644,174,"[2917,1630]"
645,267,"[1831,365]"
646,37,"[200,1569]"
647,84,"[494,1885,2852,2318,2447,656,895]"
648,179,"[2345,2276,163,1870,1831]"
649,136,"[2205,2917,2917,379,2072]"
650,37,"[379,200,731,379,495,1451,1964,1843,423]"
651,127,"[423,2129,2919,2281,19,1327]"
652,159,"[791,2281,1465,1879,1073,2291,2919]"
653,272,"[111,1516,1387,1511,2660,686,366]"
654,238,"[1588,2476,2233,465,1306,809]"
655,47,"[2036,930,1913,1485,2889,831,714,1142,1954,1856]"
656,161,"[861,1915,2965,1591,884,1570,2737,999]"
657,139,"[2902,1628,2]"
658,68,"[2799,1540,53,2359]"
659,227,"[2869,722,2323,2825,2629,2167,2365]"
660,150,"[45,2490,2441,1129]"
661,91,"[853,946,2232]"
662,226,"[2877,2364,853,696,1762,1918,2889,1761,988,784]"
663,45,"[1523,407]"
664,245,"[1155,1614,983,1128,1488,2826,2632,581,1304,347]"
665,219,"[2610,2584,469]"
666,138,"[201,584,814]"
667,227,"[2760,630,1806]"
668,199,"[2056,2073,936,1722]"
669,271,"[309,1521,1015]"
670,177,"[2013,804,2966]"
671,218,"[1521,2990,329,1658,12,1232]"
672,135,"[1963,2805,2286,709,1149,2145,29]"
673,283,"[931,1495,2840]"
674,80,"[1294,1097,122,1761,1483,2911,2289,2331,741,2884]"
675,146,"[2768,316,1183,2081,53,229,2688,2879,2342,1010]"
676,148,"[1406,291,445,2878]"
677,239,"[1407,1981,2008,741,1340,247]"
678,137,"[993,2246,1762,1853,168,1588,1312,2544,946,398]"
679,244,"[451,1488,1476,2171,2342,2825,961,2342]"
680,81,"[2423,1857,1755,1539,1533,1938]"
681,139,"[182,784,2656,1505,1658,1915,1628,1583,2834,501]"
682,6,"[1640,337,1477]"
683,222,"[122,2446,1881,134,2191,1545,2200,1633]"
684,125,"[2041,1671,1401,2584]"
685,40,"[967,1430,2805]"
686,92,"[1386,1145,699,1526,128]"
687,211,"[2103,2939,1660,1489,294,1312,2038,605,2634]"
688,79,"[595,2]"
689,31,"[1184,1538]"
690,177,"[1364,2027]"
691,200,"[2490,1385,1596,21,2889,1902,1065,2260,1900,1786]"
692,39,"[764,2487]"
693,194,"[2365,2369,1915,2878,2977,1989,1919,1188,2393,1622]"
694,33,"[2383,562,938,182]"
695,205,"[1591,2509,124,201,1546,1184,486,2370,1199,2634]"
696,137,"[1801,625,2526,381,1813,1514,1005,2927,1416,2328]"
697,256,"[2895,2879,1544,1853,2009,269,2965,2591,2409]"
698,250,"[2765,1652,2547,1348,1116,463,2151]"
699,185,"[2145,2528,1544,1494]"
700,185,"[2971,397,2675,1119,287]"
701,46,"[12,1989,1294,418,637,1939,247,1484]"
702,200,"[806,1614,535,961,1293,1905,1599]"
703,106,"[1322,2878,2312,2145,2596,1598,1761]"
704,38,"[625,1811,2006,2050,435,1938,562,1118,1942]"
705,164,"[2145,1912,811,1869,1539,2805]"
706,245,"[53,207,2591,1283,2809,417]"
707,181,"[294,1813,1625,1901,174]"
708,232,"[713,2808,1523,367,442,845,1407,2045,1220]"
709,7,"[1047,1901,466]"
710,242,"[428,201,2965,1412,31,1448,2586,2751,1729,459]"
711,229,"[1784,94,778,247,2035,993,201,2848,637]"
712,211,"[595,2394,278,1184]"
713,236,"[2027,1819,853,1613,2520,2591,764]"
714,36,"[888,1128]"
715,220,"[2232,2045,1393,2978,1938,2869,2286,2402,1354]"
716,209,"[938,1838,2921,94,2151,2734,1663,201]"
717,133,"[1545,1036,1147,1430,1476,2056,2235,777,1925,2633]"
718,182,"[781,736,2233,1682,33,2878]"
719,109,"[2895,1322,2921,1113,2885,486]"
720,236,"[1928,2878,2324,2098,2765,959]"
721,232,"[74,2284,1323,544,2965,2627]"
722,67,"[2098,1370,48,715,1309,1533]"
723,16,"[397,2591]"
724,38,"[1806,1993,445,74,2927,637,1545,639,2939,2607]"
725,256,"[14,698]"
726,10,"[1743,734,2549,1829,486,251,2090,736,486]"
727,132,"[351,386,53,1302,513,1938,1915,1312,2930]"
728,37,"[1007,2921,1393,2459,2607,2464,1811]"
729,200,"[1322,1625,851,2864,1708,1379,2346,194,2233,2378]"
730,67,"[1865,819,2524,2086,2439,451,2818]"
731,33,"[418,510,709]"
732,194,"[2627,1523,182,470,1857]"
733,228,"[1293,2958,2348,562,1405,342]"
734,273,"[1622,831,1065]"
735,54,"[2581,1762]"
736,118,"[1906,1423,245,267,2674,1837,2879]"
737,165,"[2749,1617,124]"
738,81,"[2674,777,2409,2437,1200,2441,884]"
739,284,"[2577,764,1393,215,2633,12,2400]"
740,212,"[2232,2045,1393,2978,1938,2869,2286,2402,1354]"
741,19,"[790,1795,2438,369]"
742,165,"[1938,1960,983,1483,2921,150]"
743,42,"[1808,2951,1326,1347,2,269]"
744,209,"[2009,1767,1448,1119]"
745,193,"[272,1596,1066]"
746,250,"[2056,1453,122,2106,2895,267]"
747,221,"[428,1906,1593,2168]"
748,19,"[2633,2226,368,637,1128,397,2528]"
749,290,"[2188,441,2808,725,1618]"
750,223,"[959,2612,1882,1852,2958,2780]"
751,47,"[1385,2400]"
752,110,"[92,269,2081,1729,45,2335,2627,1412,510,750]"
753,272,"[790,29]"
754,51,"[2299,1844,1842,2610,1312,464,1837]"
755,227,"[1483,98,367,12,1811]"
756,137,"[1145,201,2967,1386,269,764,2116,2879,2566,2936]"
757,90,"[2834,2424,936,2090,446,715,1145,2438,2]"
758,47,"[2878,1098,2375]"
759,253,"[1778,2110,2879,2074]"
760,118,"[715,1902,53,2646,609,33,106,1364]"
761,217,"[812,1028,2284]"
762,106,"[2268,2289,1944]"
763,132,"[784,2074,53,1471,1347,2085]"
764,245,"[2057,21,1699,2836,2031,2965,148,1385,1844]"
765,72,"[2956,1557,2965]"
766,181,"[1865,1494,284,1706,1477,581]"
767,106,"[2520,229,738,461,1193,464,461]"
768,49,"[993,1596]"
769,155,"[2727,2978,1147,1940]"
770,45,"[2232,750,2840]"
771,101,"[1778,811,1513,2805,1059,1118,1471]"
772,200,"[1118,2344,1708,2109,2166,1797,2036,2877]"
773,180,"[1542,2566,175,1660,251,2855,1658,31,287,2359]"
774,150,"[2967,732,369,2106,1193,1588,820]"
775,203,"[2273,284,2723,845,1200,1448,510]"
776,200,"[1232,442]"
777,180,"[1347,2151,2085,570,1713]"
778,166,"[2267,1312,1187,1521,1059,2139,1767]"
779,257,"[2334,428,329,2028,1617,1513,1340,2548,2307,1829]"
780,255,"[2563,332,1844,1187,1388,1661]"
781,106,"[2139,1570,738,287,400,342,328,2267,1940]"
782,68,"[2612,2340,2805,2537,2971,1118,1881,2544,594,1405]"
783,75,"[267,175]"
784,193,"[1837,946,2548,496,1220,2260,1059]"
785,152,"[741,93,1546,475,2794,1608]"
786,22,"[1960,493,2930,274,12,2286]"
787,66,"[861,1915,2965,1591,884,1570,2737,999]"
788,23,"[74,2284,1323,544,2965,2627]"
789,246,"[851,527,2134,1838,2617,2387,2235]"
790,88,"[2571,1101,2008,1335,556,715,2413,2609,1161]"
791,293,"[930,445,2085,398,1004,637,1134]"
792,29,"[2514,881]"
793,232,"[2877,2364,853,696,1762,1918,2889,1761,988,784]"
794,3,"[24,354,2127,124,1838,1143,837,2093,2609]"
795,128,"[267,888,861,2146,1844,14,1248,1827,1416]"
796,37,"[215,278,124,1010,1599,1724,1176,961,2827,1134]"
797,88,"[782,1722,2966,2808,162,2528,931,2821,2191,222]"
798,291,"[2110,1188,1232,1284,2041,1925,1026,2335,1127]"
799,119,"[2056,2073,936,1722]"
800,119,"[725,1933,2522]"
801,38,"[182,2086,1212,729,2545,2167,1094]"
802,285,"[343,1396,1521,1904,367,2612,94,1989,774]"
803,135,"[2227,2360]"
804,71,"[445,2409,2751,2760,2171,601,2139,2997]"
805,72,"[2953,496,2232,2960,2284,1633,30,528]"
806,196,"[351,386,53,1302,513,1938,1915,1312,2930]"
807,64,"[652,1963,124,1188,2346,1881,1343,2040]"
808,94,"[1183,2770,2349,1869,723,1401,1015,48]"
809,12,"[1542,1944]"
810,219,"[900,2086,1232,685,2716,1514,486]"
811,101,"[1127,734,2547,1857,342,971,2559,577,2571]"
812,56,"[2364,2971,2586,2515,2027,2104,92,2724,2967]"
813,98,"[2299,1844,1842,2610,1312,464,1837]"
814,128,"[10,1015,409,2273]"
815,156,"[294,2432,2348,1526]"
816,172,"[2930,797,417,528,2821,328]"
817,187,"[2031,1523,175,527,1682]"
818,52,"[1293,2958,2348,562,1405,342]"
819,293,"[1865,1494,284,1706,1477,581]"
820,143,"[2482,2324]"
821,8,"[2633,1557,2591,1088,2098,269,1405,2772,457]"
822,55,"[160,1385,1599,2978,93,1287,464,2362,2724,1341]"
823,216,"[853,217,1514,797,1827]"
824,3,"[2836,445,1699,267]"
825,214,"[528,1348,1393,2324,1905,2359,1642,938,2537]"
826,94,"[2938,2166,1359,275,1119,2441,2493]"
827,218,"[2188,2736,2127,1134,2577,1832,1618]"
828,95,"[2335,2723]"
829,156,"[2689,94,1184]"
830,166,"[2577,764,1393,215,2633,12,2400]"
831,90,"[1118,2344,1708,2109,2166,1797,2036,2877]"
832,207,"[2827,409,2286,2693,290,1453,2331,174,831]"
833,157,"[851,2235,709,2549,1724,2167,2751,2984,1557,2971]"
834,164,"[1305,175,470,2609,267]"
835,260,"[2387,1335,1109,329,1305,577]"
836,62,"[2956,1557,2965]"
837,250,"[2267,1312,1187,1521,1059,2139,1767]"
838,189,"[343,729]"
839,89,"[1618,53,853,1441,1808,2469,570,274,2607]"
840,143,"[2745,939,2930,659,1617,2520,1621,777,2229,1729]"
841,286,"[527,993,1323]"
842,56,"[272,1596,1066]"
843,275,"[1188,2821,1805]"
844,258,"[715,1902,53,2646,609,33,106,1364]"
845,107,"[2439,406,812,342,1614,1083]"
846,289,"[2869,722,2323,2825,2629,2167,2365]"
847,228,"[1767,1155,2127,958,1880,1672,1477,631,1422]"
848,209,"[1778,811,1513,2805,1059,1118,1471]"
849,184,"[1837,946,2548,496,1220,2260,1059]"
850,33,"[1938,1354,175,1852,1065,2990,1823]"
851,285,"[2834,45,1625,1706,2413,812,2312]"
852,60,"[2359,1007,1599,2621,1621,983]"
853,68,"[2610,1357,2040,1453,2888,1474]"
854,49,"[1385,2400]"
855,35,"[2768,1028,1880,1683,2086,362,988,1591]"
856,160,"[215,278,124,1010,1599,1724,1176,961,2827,1134]"
857,113,"[1207,2697,2323,435,1965,2546,2770,2376,1294]"
858,133,"[2010,1145,713,1487,332]"
859,260,"[470,2634,2805,2888,1588,1396]"
860,258,"[1943,723,1915]"
861,194,"[2571,1101,2008,1335,556,715,2413,2609,1161]"
862,90,"[1284,2329,2191,438]"
863,187,"[2575,2050,2751,2425]"
864,145,"[778,1674,581,2346,2879,698]"
865,159,"[2734,1724,2586,2674,2725,2275]"
866,135,"[2834,2424,936,2090,446,715,1145,2438,2]"
867,181,"[1167,1641,363,1617,1711]"
868,84,"[2482,2324]"
869,146,"[2725,1407,2524,1199,1671,2689,2090,1430,2232,1200]"
870,117,"[1440,2487]"
871,214,"[2902,2299,811,2246,2966,105,1837,1088,1827,1173]"
872,8,"[397,1364,936,1034]"
873,204,"[343,1396,1521,1904,367,2612,94,1989,774]"
874,299,"[2749,1617,124]"
875,10,"[2229,1096,527,1882,1857]"
876,172,"[2041,1065,637,2966,1625,1855]"
877,122,"[2760,630,1806]"
878,18,"[784,2074,53,1471,1347,2085]"
879,35,"[2809,2235,275,2446,1359,1853]"
880,138,"[343,729]"
881,297,"[1940,1663,278,406]"
882,233,"[2825,1422,637,398,98,2145,518,982,1596,1545]"
883,77,"[931,1495,2840]"
884,171,"[1526,2085,1943,1044,229]"
885,18,"[1621,2151,2438,777,1943,1786,2361,2520,1913]"
886,297,"[741,93,1546,475,2794,1608]"
887,226,"[1207,2085,1598,838,2939,2439,1636,782,594,105]"
888,18,"[2888,182,2688,2364,2571,1963,1888]"
889,38,"[451,1488,1476,2171,2342,2825,961,2342]"
890,137,"[2727,2978,1147,1940]"
891,41,"[1183,2770,2349,1869,723,1401,1015,48]"
892,36,"[1938,1354,175,1852,1065,2990,1823]"
893,92,"[2268,2289,1944]"
894,224,"[287,2397,2854,1026,1925,2169,2459,437,630]"
895,204,"[967,1430,2805]"
896,189,"[2984,2725,1476,1983,1596,2688,780,1248,1200,971]"
897,157,"[2911,287,1622,406,48]"
898,138,"[2227,2360]"
899,150,"[1207,2697,2323,435,1965,2546,2770,2376,1294]"
900,80,"[287,2397,2854,1026,1925,2169,2459,437,630]"
901,289,"[2490,1385,1596,21,2889,1902,1065,2260,1900,1786]"
902,74,"[2273,284,2723,845,1200,1448,510]"
903,57,"[10,1015,409,2273]"
904,39,"[1284,2329,2191,438]"
905,35,"[445,2409,2751,2760,2171,601,2139,2997]"
906,26,"[959,1039,332]"
907,91,"[2895,2879,1544,1853,2009,269,2965,2591,2409]"
908,256,"[1989,2545,1109,105,463,437,1302,1193,2438]"
909,127,"[2308,544,2749,1015]"
910,94,"[1513,1088,1708,2323,2860,1919]"
911,145,"[2725,1407,2524,1199,1671,2689,2090,1430,2232,1200]"
912,94,"[959,1039,332]"
913,189,"[1322,2878,2312,2145,2596,1598,1761]"
914,280,"[2139,1570,738,287,400,342,328,2267,1940]"
915,34,"[2938,2166,1359,275,1119,2441,2493]"
916,127,"[528,1949,2081,1918,900,2438,2792,2482]"
917,37,"[2335,2723]"
918,293,"[2534,2090,417,358,2109,160,1811,1161,1047]"
919,286,"[1047,1901,466]"
920,272,"[2878,369,1661,1852,1842]"
921,263,"[1007,652,2081,2098,1636]"
922,256,"[2827,409,2286,2693,290,1453,2331,174,831]"
923,247,"[1940,1663,278,406]"
924,127,"[742,1950,582,1992,582,1349,742,1372,775]"
925,79,"[1372,775,2428]"
926,126,"[1990,726,1333]"
927,285,"[2075,1243,1841]"
928,149,"[186,2083,62]"
929,17,"[485,1945,775,159]"
930,142,"[712,1349,1218,1670,2652]"
931,274,"[2903,2700]"
932,274,"[1332,2783,1117,1907]"
933,132,"[2219,548,1751,534,1243,2272,678,380,2996]"
934,297,"[1002,1803,2237,2658,1135,712,2075,1362,1907]"
935,34,"[1907,1349,1479,509,263,383,1945]"
936,62,"[1135,509,1349,238,1841,1840,2263]"
937,127,"[1763,712,333]"
938,124,"[2762,876,666,2893,1102]"
939,243,"[2641,1814,1002,1002,468,2946,1907]"
940,160,"[1518,1748,582,2154,2428]"
941,107,"[582,534]"
942,91,"[468,1991,876]"
943,105,"[57,2059,2630,524,1670,1117,1548,1518]"
944,69,"[726,1243,1135,186,772]"
945,210,"[2657,2428,1763,2219,678,1333]"
946,91,"[1841,1433,1518,1950,1945,2154,159]"
947,85,"[2263,666,2154,361]"
948,135,"[1992,1333,1945]"
949,276,"[2272,534,2083,1907]"
950,214,"[1841,687,712,2272,2996,1992,1841,2698]"
951,73,"[159,264,775,2903,2059,712]"
952,286,"[238,350,1433,2698,712,2059,1333,264,2254,548]"
953,257,"[712,582,447,1950,534,1548]"
954,72,"[2075,2641,361,2658,2467,1479,1753,2254,2075,1372]"
955,196,"[2075,1841]"
956,254,"[80,2775,1646,1692]"
957,210,"[1864,1299]"
958,36,"[2315,1285,1692]"
959,201,"[918,143,1244]"
960,188,"[1299,759,918,2775]"
961,300,"[1846,1864,759,1667]"
962,16,"[1105,80]"
963,204,"[1667,2797,1105,2797,1136,2372,759]"
964,50,"[1136,1758]"
965,146,"[2694,2797,966,632]"
966,201,"[2775,2138,759,1959,143,1692,1793]"
967,95,"[759,1105,1311,632,1966,1966,980,2315]"
968,256,"[2184,80,306,1864,1959]"
969,244,"[2138,918,759]"
970,26,"[2108,2560,2433]"
971,274,"[2160,2217,2358,1946,2170]"
972,186,"[553,798,2560,998,458]"
973,65,"[2396,75]"
974,225,"[856,1820]"
975,9,"[1785,76]"
976,131,"[733,1754,763,2195,1851,574]"
977,73,"[1702,1597,604,1013,1820,822]"
978,230,"[1785,1050]"
979,233,"[2684,1931,1037,1290,1603,2001]"
980,73,"[2560,1581,2875,2058,716,1785,929,848,1677,648]"
981,252,"[2452,2358,170]"
982,295,"[313,2510,87,706,763,2195,1754,1051,2730]"
983,99,"[2898,549,559,135,2412,2530,1084,1063]"
984,206,"[2898,2351,2238,912]"
985,282,"[305,419]"
986,288,"[1677,2160,719]"
987,237,"[1092,499,822,684]"
988,140,"[1820,2668,2076,2089,574]"
989,55,"[2172,1434,1534,798,1417,2433]"
990,283,"[2381,136,1037,1069,822,1785,2390,1037]"
991,238,"[1581,2282]"
992,160,"[474,2485,559,2170,763]"
993,141,"[706,2512,1581,114,2530]"
994,263,"[2164,1851,1616]"
995,100,"[634,2108,880,357,933]"
996,91,"[1948,2259]"
997,76,"[2782,574,96,1914]"
998,201,"[1948,783,313]"
999,151,"[880,1022,517]"
1000,133,"[2616,1730,492,96]"
1001,60,"[2485,129,1551,2485,822]"
1002,100,"[474,2718,1215,76,1687,2351]"
1003,103,"[1603,2730,1551,2175,2391,977,483]"
1004,38,"[2214,1264,1498,2445,2618,604,1417]"
1005,167,"[2304,2412,2720,313,1498,1575,345,1799]"
1006,11,"[110,867]"
1007,171,"[1603,1057,2933,1264,255,1236,2828]"
1008,24,"[2265,2214]"
1009,147,"[1914,1575]"
1010,214,"[1504,767,1946,2051,2452,1063,1439,2870,1510,1510]"
1011,265,"[375,2076,2875,2390,2374,2170]"
1012,253,"[173,706,1037]"
1013,67,"[2064,289,132,2861,2560,1501]"
1014,285,"[2512,700,2304,604,1057]"
1015,192,"[2814,854,132]"
1016,89,"[2245,1948,2238,553,2861]"
1017,181,"[1581,854,2433]"
1018,156,"[1092,2271,2433,1536,338,2374,822]"
1019,186,"[2485,2512,763,2791,1946]"
1020,278,"[1382,25,1138]"
1021,155,"[1215,335,719,827,854]"
1022,289,"[2412,2943]"
1023,220,"[2401,1799,2553,474]"
1024,101,"[1384,2706]"
1025,24,"[1138,52,684,684,1528,1215,880]"
1026,91,"[1069,2046,2403,1417,923]"
1027,241,"[258,2814]"
1028,251,"[2172,2445,2382]"
1029,81,"[375,1264,2298,2679,288]"
1030,70,"[559,2529,1057,1833,2530,2875,2782]"
1031,293,"[2108,221,96,1510,827,2671,2410,2603]"
1032,189,"[474,2195,492,490,2679,2217,2164]"
1033,48,"[667,2870,1725,110,2401,724,604,2679]"
1034,161,"[646,2401]"
1035,286,"[2271,1817,2190,2259,1138,173,288,854,1730]"
1036,56,"[1536,2701,995,2391,590]"
1037,248,"[665,856]"
1038,121,"[1092,1131,1581]"
1039,91,"[1434,2382,390,945,758]"
1040,244,"[273,2553,132,2264,2540,848,2823,1833,2046]"
1041,263,"[2618,375,2165,867,228,1597,2390]"
1042,181,"[1215,335,719,827,854]"
1043,148,"[305,2217,2968]"
1044,54,"[170,1022,1725,1230,867]"
1045,243,"[1820,648]"
1046,88,"[2214,606]"
1047,271,"[2304,665,1215,2552]"
1048,266,"[856,1082]"
1049,222,"[1092,2518,2968,2543,1189,2823,848,822,1676]"
1050,177,"[2711,1069,273,255,869,2948,110]"
1051,61,"[75,2390,2618,667,114,553]"
1052,260,"[2108,2560,2433]"
1053,160,"[2671,933,2702,2190,483,2875]"
1054,236,"[667,2870,1725,110,2401,724,604,2679,335,2410]"
1055,115,"[1946,2755,2530,129,998,1931,1575]"
1056,114,"[173,2701,244,2160,2880]"
1057,198,"[1382,387,1257,590,2580,273,574]"
1058,79,"[1150,2720,52,2668,590]"
1059,200,"[733,2445,1551,1725,761,684]"
1060,138,"[2412,2943]"
1061,78,"[405,827]"
1062,67,"[2616,2421,1215]"
1063,20,"[1237,2861,604,827,1013,665,1687,288,1948]"
1064,70,"[929,2381]"
1065,269,"[2540,2391,684,2898,1481,608,305]"
1066,299,"[1581,1561,96]"
1067,64,"[1013,2478,2530,2743]"
1068,139,"[2412,646,1725,854,2433,1384,1230,1215]"
1069,245,"[1050,2403,2510,1384,761,2744]"
1070,130,"[2711,448]"
1071,198,"[2711,2744,1877]"
1072,126,"[646,2401]"
1073,108,"[2214,606]"
1074,192,"[875,665,458,2351,1754]"
1075,77,"[1290,1833,2730,1236,2330]"
1076,85,"[616,1578,427,34,2157,2003,1679,127,2680]"
1077,256,"[138,1153,2558,1578,2023]"
1078,45,"[127,8]"
1079,1,"[1897,2003,1897,1578,118,1679]"
1080,235,"[1153,834,1153,32,1578,1719,953]"
1081,237,"[2418,1530,2680]"
1082,91,"[953,1442,953,1549,1679,1141]"
1083,192,"[298,146,2023]"
1084,294,"[127,2157,242,1153,1100,1655,242,883]"
1085,120,"[2653,1719,883,1100,2653,2418]"
1086,148,"[514,1605,1141,1100,616]"
1087,145,"[1214,1404,1719,1153,1679]"
1088,221,"[2239,2653,506,2373,242]"
1089,239,"[1132,127,1132]"
1090,165,"[1749,1655,1442,127,146]"
1091,220,"[1578,1153,2740,2373,34]"
1092,152,"[514,887,181,2983,32,91]"
1093,171,"[1132,2594,2740,514,1104,2003,834,2680]"
1094,283,"[242,413,1655,883,298]"
1095,287,"[427,1055,2239,2003,138]"
1096,113,"[2876,1845,681,2002,2964,2255,1165,2516]"
1097,230,"[2873,896,2904,920]"
1098,225,"[2815,1071,2991]"
1099,251,"[478,1424,2477]"
1100,175,"[872,2982]"
1101,41,"[295,965,802]"
1102,182,"[2338,2663,18]"
1103,4,"[1240,2758,2802,179,13,847,1732]"
1104,166,"[1240,1643,1883,1935,2924]"
1105,2,"[59,1415,1062,436,144,588,295]"
1106,102,"[872,623,1978,525,2692,1307,497,1637,1700,226]"
1107,37,"[2018,1369,602,1780,1008]"
1108,246,"[622,2835,890,892,18,2692,1825,2804]"
1109,86,"[973,1615,973,934,1229]"
1110,172,"[51,455,240,2142]"
1111,36,"[147,325,2564,2918,2873,2255,2829,2280,2018]"
1112,73,"[39,920,2833,2802]"
1113,175,"[728,236,1427,2119,2853,497,2732,2126,1478]"
1114,237,"[2429,149,640]"
1115,279,"[640,1656,18,1279]"
1116,232,"[1450,433,1427,879,660,1732,1115]"
1117,227,"[1402,319,377,206,512,623,1478]"
1118,47,"[336,1502]"
1119,67,"[1554,2179,18,377,436,546,596]"
1120,9,"[325,523,640,863,1932,683]"
1121,166,"[728,2119,640,1040]"
1122,224,"[1766,2628,1606,2422,2995,1924,1647,2479]"
1123,185,"[1194,2161,1524]"
1124,64,"[2918,2096,743,2126,2277]"
1125,72,"[676,979,2142,243,546,2295,1953]"
1126,57,"[2845,17,1535]"
1127,6,"[444,2532,385,2355,623,2295]"
1128,74,"[2255,140,748]"
1129,296,"[2295,2341,2339,1146,2829,1923,1941,2037,996]"
1130,158,"[1607,2804,640,116,1894,144,2496]"
1131,143,"[1056,172,2339,1776,2847,2541,2663,640]"
1132,61,"[1607,444,1376,2759,934]"
1133,214,"[97,1017,920]"
1134,87,"[787,748,2764,2876]"
1135,231,"[300,2654,2255,1594,891,1701]"
1136,96,"[2392,2923,60,878,1315,1554,965,2222]"
1137,253,"[2389,2538,2982,2210]"
1138,231,"[295,2180,2142,60,2812,2128,1810,455,1558]"
1139,40,"[2199,1231,1582,1242,1955,399,690]"
1140,216,"[1789,1490,802,2896]"
1141,99,"[523,786,1195,2222,1377,1001,1629,979,2709]"
1142,55,"[1182,583,18,172,2685,415,455,131,2950,2975]"
1143,210,"[934,131,1836,2012,1163]"
1144,276,"[1148,1314,802,1224,374,2187,2815]"
1145,20,"[2084,2429,2516,676,1270,2231,523,239,2053]"
1146,191,"[2327,2964,641,1718]"
1147,245,"[1377,415,420,1602,2124,2322,2663]"
1148,276,"[984,1656,420,1415,1420,2143,2455,2798,2593]"
1149,204,"[2661,140,1165,1732,480,2964,1307]"
1150,137,"[1424,546,973,2842,2670,2419,415,1520,1172]"
1151,292,"[282,2564]"
1152,92,"[2873,2124]"
1153,93,"[641,1381,2294]"
1154,15,"[1773,1927,377,415]"
1155,41,"[2954,436,2065,17]"
1156,95,"[2294,743,890,355,728]"
1157,184,"[579,1804,115,1172]"
1158,167,"[165,1478,1535]"
1159,82,"[2422,1146,1953]"
1160,41,"[623,840,1638,1971]"
1161,204,"[2294,1975,2257,2516]"
1162,116,"[934,1403]"
1163,234,"[2142,1896,2295,2180]"
1164,92,"[1923,1871,1377,1217,1017]"
1165,289,"[2881,1582,60,1062,2002,1665,1137]"
1166,32,"[2295,2341,2339,1146,2829,1923,1941,2037,996]"
1167,117,"[1732,1686,325,260,1804,41,1584]"
1168,71,"[2991,2994,1953,18,1710,281,144]"
1169,218,"[1317,2804,282,2950]"
1170,244,"[1240,1040,1231,2322,965,1075]"
1171,79,"[2798,2881,1008,519,1313,640,899]"
1172,119,"[300,2654,2255,1594,891]"
1173,292,"[1924,1594,743,158]"
1174,14,"[480,1478,1883,374,1984,2897]"
1175,278,"[140,1560]"
1176,1,"[1502,336,1403,2386,1909,42,2962]"
1177,282,"[2663,1166,1876]"
1178,43,"[1242,1077,640,2924,1217,2991,2294,300,2222,2802]"
1179,154,"[2876,1845,681,2002,2964,2255,1165]"
1180,50,"[1810,2126,973,13,433,2628,561]"
1181,4,"[1374,374,973]"
1182,16,"[2746,575,2257]"
1183,288,"[934,2389,1198,2455,2055,1172,1745]"
1184,270,"[1773,336]"
1185,88,"[2338,640,847,1836,1941,478]"
1186,165,"[1303,2516,2709,336,2541,314,2496,1217,2339,140]"
1187,155,"[2779,2844,1535,2995,1077]"
1188,231,"[1146,2974,2906,1427,2065,145]"
1189,84,"[1402,984,1111,2838,2422]"
1190,258,"[1867,158,1689]"
1191,167,"[2915,2455,1377,281,226,653,1217]"
1192,111,"[583,1537]"
1193,194,"[1582,2053,546,1391]"
1194,158,"[1500,996,2066,1969,957]"
1195,14,"[623,2470,239,2853,2065,1971]"
1196,178,"[896,1804,497,1307,1825,2824,1714,1217]"
1197,200,"[1611,2016,2942,511,2994,6,1313]"
1198,104,"[1400,2964]"
1199,126,"[1804,2500,1582,1062,1278,239,573,1731,960]"
1200,253,"[319,840,1303,1824,2876,1310,167]"
1201,34,"[165,2084]"
1202,198,"[2719,2294,377,786,2824,1072,1909,573]"
1203,106,"[2950,81,1984,1414,478,1955]"
1204,43,"[18,573,2759,1217,1935,1595,192]"
1205,105,"[2579,2856,1115,1624,1111,2119,1270,1148]"
1206,221,"[787,101,1924,260,891,2838]"
1207,203,"[2055,1891,1297,50]"
1208,217,"[1310,1554,1297,2709,2774,2541,1303,478,1615]"
1209,193,"[1639,2731,602,1637,241,1361,1377]"
1210,211,"[519,2000,2654,1497,2257,1242]"
1211,133,"[1394,2143,115,1490,177,2000,965,1594]"
1212,206,"[51,2812,2477,2661,1075]"
1213,236,"[2178,39,2648,984]"
1214,207,"[1454,2037,2392,2084]"
1215,277,"[420,1629,1953,206,2479]"
1216,154,"[1420,1780,2339,1955,596,2759]"
1217,150,"[2293,676,1403]"
1218,213,"[1637,2661,1198,1182]"
1219,63,"[376,2771,472,2198,1072]"
1220,27,"[1424,2121,2470]"
1221,105,"[1689,262,1297,2857,504,2758,1420]"
1222,212,"[1638,2995,1268,2764,1137,1896,1391,2835,2991,2719]"
1223,141,"[1394,1558,2295,1839,1223,1903,2779,6,1020]"
1224,105,"[2779,2844,1535,2995,1077]"
1225,81,"[645,2339,179,1394,455,300,728]"
1226,181,"[467,1883,1978]"
1227,200,"[145,2222,1720,1690,2812]"
1228,219,"[2429,829,1377,97,2389,551,1043,2249,1903]"
1229,247,"[2048,1839,1780,2480,1016,965,472,2255]"
1230,164,"[2824,430,2142,1195]"
1231,100,"[107,2777,1836,1689,2593,984,2764,1415]"
1232,92,"[2830,2824,973,1995,2606,1824,2804,18,2339,1317]"
1233,223,"[1718,859,1923,1040,773,1072]"
1234,168,"[872,1894,533,2777,599,1524]"
1235,235,"[1537,1537,2856,239]"
1236,30,"[1582,2053,546,1391]"
1237,279,"[2692,2995,1607,2857]"
1238,23,"[1454,2829,180]"
1239,34,"[1686,575,1883,899,1363,325,1427]"
1240,7,"[1307,573,497,1452]"
1241,127,"[1374,1016,1639,694,960,602,2719,2016,2500,480]"
1242,121,"[2012,1314]"
1243,243,"[1424,1520,1718,1001]"
1244,102,"[1278,1611,1321,1125,1415,1315,2386,1211,813]"
1245,3,"[2126,2388,1876,2829]"
1246,232,"[2161,1935,1738,2830,2982,1194,1240,2709,773]"
1247,154,"[2143,2991,180,472,2835,1825,2388,430]"
1248,265,"[1804,2500,1582,1062,1278,239,573,1731]"
1249,171,"[2517,588,1780,2746,1718,1122,597]"
1250,171,"[2881,2178,799,640,1072]"
1251,269,"[1860,478,2294,813,2661]"
1252,247,"[2661,140,1165,1732,480,2964]"
1253,275,"[2198,2508,71,473]"
1254,205,"[2121,690,979,1447,504,799]"
1255,194,"[2210,1270]"
1256,172,"[2500,1075,1402,236,1773,1279]"
1257,25,"[177,896,281,1115,131,653,2873,257]"
1258,294,"[2593,198,1198,240,2102,1686,2389]"
1259,212,"[612,794,2142,1503,2873,420,131,511,1953]"
1260,26,"[1450,1995,18,1607,2779,1524,1637,177]"
1261,20,"[2779,491,2199,2593]"
1262,292,"[2258,1773,1689,2949,2502,623,1891,1241,2462]"
1263,278,"[2018,1953,1321,1425]"
1264,299,"[101,1686,1115,571,2480]"
1265,239,"[1971,97,2802,563]"
1266,171,"[2579,1195,2516,892,1953,2389,645]"
1267,286,"[743,2532]"
1268,139,"[1163,1637,879,2812]"
1269,39,"[1242,1077,640,2924,1217,2991,2294,300]"
1270,211,"[1924,1594,743,158]"
1271,264,"[1665,230,1780]"
1272,198,"[2795,626,500,1006]"
1273,98,"[1874,2020,2147]"
1274,264,"[543,301]"
1275,143,"[1653,2150,1834,2501,2929]"
1276,92,"[2122,296,1033,339]"
1277,258,"[2539,2987,1868,1791,1631]"
1278,139,"[356,2678,1110]"
1279,101,"[402,1988,926,974,185,1110,2831,104,2555,614]"
1280,153,"[922,187,779]"
1281,20,"[970,2435,2932,54,392]"
1282,68,"[2206,2615,1337,2957,210]"
1283,143,"[1087,79,626]"
1284,279,"[1496,569]"
1285,284,"[1522,818,2761,564,301]"
1286,109,"[2206,2615,1337,2957,210,1250]"
1287,204,"[2987,2203,49,2555,2300,1301,318,919]"
1288,220,"[1787,2204,2253,2215,1768,3,1685,38,735]"
1289,118,"[271,303,1292,2305,1365,705,2022]"
1290,17,"[974,2471,2416,607,675,2932,2539]"
1291,78,"[20,1519,2253,1564,1705,2430,1033,1564,2024]"
1292,267,"[2597,67,2890,2363,1809]"
1293,90,"[460,2141,1519,552]"
1294,6,"[2278,844,2678,2321]"
1295,147,"[178,1650,2208,1859,607,2600,1850]"
1296,166,"[1133,2350,2788,500]"
1297,212,"[1634,1998,1210]"
1298,235,"[1961,2753,460,1826]"
1299,50,"[1653,522,232,1792]"
1300,192,"[2987,1634,2305,2925,330,1227,2125,2206]"
1301,203,"[22,2793]"
1302,133,"[1573,1791,572,286,1750,1045,1263,318]"
1303,167,"[2597,2756,2253,1331]"
1304,209,"[572,223,2763]"
1305,177,"[1410,2890,2088,2203,675,1064,2820]"
1306,42,"[1555,2305,1922,2350,373]"
1307,196,"[1858,431,67]"
1308,246,"[2626,49,2300,1515,268,11,950,2152]"
1309,253,"[178,974,1555,2173,1685,2501,580,248,1519]"
1310,64,"[2763,1746,1962,49]"
1311,25,"[1910,2181,2728,585,1750]"
1312,219,"[1076,54,1219,1033,2363,756,1076]"
1313,180,"[3,2874]"
1314,28,"[2662,2932,2250,22,1631,1272,2728,1496]"
1315,274,"[1910,2555]"
1316,287,"[2395,651,2600,2472,293]"
1317,140,"[2177,65]"
1318,282,"[1112,655,1922,2173,2614,2091,1151]"
1319,45,"[2097,2082,2578,2557,1522]"
1320,167,"[671,1480,626,1331,1922]"
1321,232,"[2622,341,2932]"
1322,83,"[1048,2481,522,2786,2115,2354,1027]"
1323,70,"[2234,1968,580,2005,2506,2292]"
1324,247,"[1164,1255,2539,340,2832,453]"
1325,188,"[1886,2643,2300,1114,1809]"
1326,244,"[564,1366,67,1650,123,1219,2465,1910]"
1327,199,"[402,2578,1673,552,2125,1250,1110,1818,191]"
1328,66,"[1076,54,1219,1033,2363,756,1076]"
1329,232,"[2868,373]"
1330,72,"[1653,2787,2488,2113,1998]"
1331,26,"[404,991,2488,268,310,339,1746,2408,1863,22]"
1332,95,"[2501,64,1910,117,271]"
1333,230,"[1790,2573,2354,902,2753,2506]"
1334,282,"[1112,655,1922,2173,2614,2091,1151]"
1335,173,"[2573,1910,1564,1653,2501,1432,2582,2932]"
1336,153,"[1325,471,2208,655]"
1337,247,"[801,860,373,1522,1673,691,488,79,926]"
1338,80,"[1821,2176,1771,1360,210,117]"
1339,27,"[2115,617,1716,1410,1648,2536]"
1340,80,"[1164,1255,2539,340,2832,453]"
1341,146,"[500,2682,2147]"
1342,230,"[1961,2115,2678,2141,2928]"
1343,216,"[1196,2922,543]"
1344,157,"[2636,1798,926]"
1345,225,"[1185,1650,2600]"
1346,81,"[259,1668,303,1049,2082,2062,223]"
1347,183,"[1555,1750,1164,2726,1469,2112]"
1348,96,"[543,301]"
1349,189,"[2449,617,2061,1648,1868,552,2820,974]"
1350,250,"[1445,1029,2300,970,1027,2578]"
1351,282,"[2763,2643,2678,1261,2141,22,1227,1957]"
1352,167,"[1653,2787,2488,2113]"
1353,79,"[2659,2874,2793,2506,1301,2343]"
1354,183,"[2626,2399]"
1355,233,"[580,2005,818,2728,392,2531,2511,2726]"
1356,197,"[2292,196,1480,249,2024,2666,2088]"
1357,50,"[522,64,2208,286,691,836,11,1997]"
1358,248,"[2536,1276,907,402,2211,38,2511]"
1359,72,"[735,919,1033,2399,64,552]"
1360,213,"[1325,1144]"
1361,264,"[2582,580,2486,2837]"
1362,79,"[2626,2399]"
1363,129,"[693,2278,2005,569,2957]"
1364,36,"[2963,565,1564,1850,271]"
1365,110,"[1049,1204,2062]"
1366,15,"[223,339]"
1367,241,"[2399,1337,2761,2587,2488,2430]"
1368,125,"[1273,3,1064,1445,955,392,2556,1469]"
1369,148,"[2868,1469,1834,1826,2868]"
1370,148,"[196,2113,522,2465]"
1371,51,"[1325,1850,721,2803,117,1328,2695,1491,178]"
1372,220,"[902,2582,49,2874]"
1373,134,"[1029,2932,49,318,2177,2555,1519,2218,2578]"
1374,193,"[1573,364,2113]"
1375,192,"[68,2250,580]"
1376,145,"[301,913]"
1377,139,"[1696,1087]"
1378,42,"[1273,3,1064,1445,955,392]"
1379,112,"[330,1519,2636,1771,1934]"
1380,169,"[2122,296,1033,339]"
1381,279,"[1997,2662,373,310,214]"
1382,53,"[2177,1432,2874,2177,1023,2695]"
1383,212,"[2343,744,2640,970]"
1384,109,"[922,187,779]"
1385,1,"[1768,2666,1910,2752,1818,196,2112,703]"
1386,194,"[1858,431,67]"
1387,294,"[1850,2082]"
1388,15,"[1325,1850,721,2803,117,1328,2695,1491,178,2806]"
1389,73,"[1164,569,1874,785,974,303,2963,2662]"
1390,251,"[522,1432,721,2486,1696]"
1391,265,"[2399,693,2087,2987,552,2256,1045,1716]"
1392,212,"[1196,2922,543,1746]"
1393,147,"[318,2097,991,805,614,1685,2141]"
1394,150,"[1277,564,2253]"
1395,48,"[392,970,49,2721,64,1496]"
1396,240,"[219,1048,2600,2795,1863,691,178,526,2928]"
1397,156,"[1445,2957,1555]"
1398,14,"[2061,248,500,617,2042,635,2122,16,402]"
1399,204,"[552,2022,1398,691,1957]"
1400,76,"[268,271,1922]"
1401,115,"[500,2087,1480,2101]"
1402,84,"[271,1023,2062,1998,310]"
1403,22,"[1024,2357,520,384,679,1835,1585,2574]"
1404,236,"[1024,1782,2019,2243]"
1405,209,"[360,2931,1764,1126]"
1406,74,"[992,1431,2183,1213,2611,2934,1411]"
1407,286,"[1329,1289,44,2463,865,154,220,199]"
1408,260,"[2993,865,1698,2426,1698,2309,2664,2243]"
1409,121,"[348,2572,1698,2638,2442,2474,2785,327]"
1410,163,"[992,540,613,1431,2366,2431]"
1411,123,"[1627,1807,1186]"
1412,285,"[673,2969,2757,2221]"
1413,49,"[2985,620,1032,2789,2567,425]"
1414,288,"[2047,692,1794,297]"
1415,141,"[2931,2785]"
1416,54,"[2969,2789,2567,1408,992,1764]"
1417,67,"[673,924,558,346,2317,2474,1397]"
1418,109,"[253,2494,1126,2859]"
1419,245,"[82,613,1585]"
1420,25,"[2748,2800,2920,103,2920]"
1421,36,"[2357,1704,558,1123,2366,23,2054]"
1422,146,"[1259,2567]"
1423,9,"[2357,992,2849,1585,334,2959,868,72,462]"
1424,200,"[964,894,1459,35,2309,1585,1338]"
1425,100,"[1408,2523,1411,1807,1329,2959,346]"
1426,134,"[1435,327,2789,992,2494,1866,462]"
1427,276,"[2574,1620,952,1000]"
1428,200,"[992,2130,2959,864,1590]"
1429,148,"[654,985,613,1822,1000,1203,2611]"
1430,58,"[2054,1032,1866,1873,346,864,910,1698]"
1431,201,"[1457,43,2131,2989,1649,1228]"
1432,210,"[1698,220,154,921]"
1433,252,"[2981,921,1727,857,327,1038,710,2986,2934]"
1434,32,"[23,765]"
1435,21,"[327,2986,1794]"
1436,123,"[1457,2431,1367,327,2673,1126,2247]"
1437,188,"[1457,697,2908,2638]"
1438,294,"[2574,587,121,2908,587,1170,2999,2079,1431]"
1439,159,"[810,2989,212,1986,937,1095]"
1440,6,"[2785,692]"
1441,142,"[2687,297]"
1442,250,"[2993,2567,154,139]"
1443,251,"[2261,2908]"
1444,235,"[670,1222,1191,1408,139,40,1411,2274,2572,82]"
1445,35,"[952,532,1367]"
1446,52,"[23,2443,121,1775]"
1447,217,"[1627,89,2677,2757,311,2631,44,2920,2371,1822]"
1448,4,"[710,360,327]"
1449,135,"[1170,1408,2677]"
1450,54,"[2309,2442,1288,2183,35,1916]"
1451,138,"[2931,2117,2655]"
1452,26,"[2687,1996,1626,2357]"
1453,300,"[1408,1822,692,2189,2380,2800,2194]"
1454,38,"[992,2130,2959,864,1590,3000]"
1455,28,"[1024,326,1288]"
1456,44,"[985,1782,2849,2261,382,487,1435,1680,2220]"
1457,126,"[874,1794,2357,927,382]"
1458,145,"[692,2182,1982,1186,1604,921]"
1459,194,"[992,817,1411,1649,615,2785,202,915,1431]"
1460,291,"[2357,321]"
1461,166,"[2574,916,212,1378,1703]"
1462,204,"[1916,1288,2025,125,2576,100,1267,864]"
1463,60,"[2959,972,1775,2247,2095,2883,1873]"
1464,157,"[864,1620]"
1465,76,"[692,2883,2713,810]"
1466,283,"[1680,28,2655,1275,1649,842,1972,2144,199]"
1467,296,"[360,2931,1764,1126,532]"
1468,247,"[2664,346,44,2999,89,654,697,654]"
1469,206,"[688,1154]"
1470,86,"[1170,1408,2677]"
1471,64,"[1457,43,2131,2989,1649]"
1472,237,"[327,1684,312,321,1267,462,2703]"
1473,235,"[1157,372,1830,1338,2513,2800,540,619]"
1474,42,"[23,2767,842,2841,2908,915,2095]"
1475,9,"[927,2274,2993,679]"
1476,39,"[2574,916,212,1378,1703]"
1477,55,"[2664,710,121,1609,1222,120,1911]"
1478,186,"[2687,1996,1626,2357]"
1479,286,"[2025,462,1191,682,103,2494,864,765,817,1747]"
1480,61,"[864,2934,154,558,2224,2357,529]"
1481,223,"[253,810,2655,2054,1693,1351,2611,673,1976,587]"
1482,279,"[2025,462,1191,682,103,2494,864,765,817]"
1483,11,"[462,1727]"
1484,133,"[2843,1982,2054,673,411,1157,1698,1873]"
1485,125,"[915,1741,2309,2567,1744,2189]"
1486,226,"[1916,664,1239,587,611,3000,72,2220]"
1487,210,"[348,142,2426,2189,1351,2631,952]"
1488,91,"[2664,2078,1664,792]"
1489,271,"[2664,1367,910,1170,157]"
1490,147,"[1024,326,1288]"
1491,202,"[1061,2664,558,611,44,2650]"
1492,88,"[220,2959,1239,2849,532,2442,2494,673]"
1493,119,"[710,2431,2611,817,682,2785,1626,1061,2554]"
1494,271,"[2079,2309,253,2696,2667,2309,2182]"
1495,255,"[1764,2463,2426,1411,1324]"
1496,292,"[692,2182,1982,1186,1604]"
1497,189,"[927,2981,692]"
1498,271,"[2224,1228,2981,2849,2576,2220,1226]"
1499,179,"[885,2144]"
1500,277,"[1982,611,1222,2130,1847,1225,1982,1459,2973]"
